nombre_producto,ganancia_total,unidades_vendidas
Paseo,4797437.949999999,338239.5
VTT,3034608.0200000005,168783.0
Amarilla,2814104.06,155315.0
Velo,2305992.465,162424.5
Montana,2114754.8800000004,154198.0
